,count,mean,std,min,25%,50%,75%,max
Daily Time Spent on Site,1000.0,65.0002,15.853614567500209,32.6,51.36,68.215,78.5475,91.43
Age,1000.0,36.009,8.78556231012592,19.0,29.0,35.0,42.0,61.0
Area Income,1000.0,55000.000080000005,13414.634022282358,13996.5,47031.8025,57012.3,65470.634999999995,79484.8
Daily Internet Usage,1000.0,180.0001,43.9023393019801,104.78,138.83,183.13,218.7925,269.96
Male,1000.0,0.481,0.49988887654046565,0.0,0.0,0.0,1.0,1.0
Clicked on Ad,1000.0,0.5,0.5002501876563868,0.0,0.0,0.5,1.0,1.0
